{
  "project_info": {
    "project_number": "912292959038",
    "firebase_url": "https://example-a606b-default-rtdb.firebaseio.com",
    "project_id": "example-a606b",
    "storage_bucket": "example-a606b.appspot.com"
  },
  "client": [
    {
      "client_info": {
        "mobilesdk_app_id": "1:912292959038:android:9d057c2961794d7f76126f",
        "android_client_info": {
          "package_name": "com.example.ex"
        }
      },
      "oauth_client": [
        {
          "client_id": "912292959038-ets0vb4vff4ali9ls0edb140ik3qrfkj.apps.googleusercontent.com",
          "client_type": 1,
          "android_info": {
            "package_name": "com.example.ex",
            "certificate_hash": "5c2e25e0072f10eedb8df2a8e9c19a0c4950bfd1"
          }
        },
        {
          "client_id": "912292959038-rmo20uq3boo4sss06onaksl2vj8tubcv.apps.googleusercontent.com",
          "client_type": 3
        }
      ],
      "api_key": [
        {
          "current_key": "AIzaSyACLD_LWGP4SexuW9az8HnR6otbHFipDBU"
        }
      ],
      "services": {
        "appinvite_service": {
          "other_platform_oauth_client": [
            {
              "client_id": "912292959038-rmo20uq3boo4sss06onaksl2vj8tubcv.apps.googleusercontent.com",
              "client_type": 3
            }
          ]
        }
      }
    },
    {
      "client_info": {
        "mobilesdk_app_id": "1:912292959038:android:814d78157651241376126f",
        "android_client_info": {
          "package_name": "com.example.venuequery"
        }
      },
      "oauth_client": [
        {
          "client_id": "912292959038-rmo20uq3boo4sss06onaksl2vj8tubcv.apps.googleusercontent.com",
          "client_type": 3
        }
      ],
      "api_key": [
        {
          "current_key": "AIzaSyACLD_LWGP4SexuW9az8HnR6otbHFipDBU"
        }
      ],
      "services": {
        "appinvite_service": {
          "other_platform_oauth_client": [
            {
              "client_id": "912292959038-rmo20uq3boo4sss06onaksl2vj8tubcv.apps.googleusercontent.com",
              "client_type": 3
            }
          ]
        }
      }
    }
  ],
  "configuration_version": "1"
}